<?xml version="1.0" encoding="UTF-8"?>
<project-private xmlns="http://www.netbeans.org/ns/project-private/1">
    <editor-bookmarks xmlns="http://www.netbeans.org/ns/editor-bookmarks/2" lastBookmarkId="0"/>
    <open-files xmlns="http://www.netbeans.org/ns/projectui-open-files/2">
        <group>
            <file>file:/C:/Users/divya/MPLABXProjects/PROJECT_ECU.X/matrix_keypad.c</file>
            <file>file:/C:/Users/divya/MPLABXProjects/PROJECT_ECU.X/can.h</file>
            <file>file:/C:/Users/divya/MPLABXProjects/PROJECT_ECU.X/ecu1_sensor.h</file>
            <file>file:/C:/Users/divya/MPLABXProjects/PROJECT_ECU.X/matrix_keypad.h</file>
            <file>file:/C:/Users/divya/MPLABXProjects/PROJECT_ECU.X/ecu1main.c</file>
            <file>file:/C:/Users/divya/MPLABXProjects/PROJECT_ECU.X/adc.c</file>
            <file>file:/C:/Users/divya/MPLABXProjects/PROJECT_ECU.X/clcd.c</file>
            <file>file:/C:/Users/divya/MPLABXProjects/PROJECT_ECU.X/message_handler.h</file>
            <file>file:/C:/Users/divya/MPLABXProjects/PROJECT_ECU.X/msg_id.h</file>
            <file>file:/C:/Users/divya/MPLABXProjects/PROJECT_ECU.X/can.c</file>
        </group>
    </open-files>
</project-private>
